"id","platform","community","thread_title","url","angle","relevance","posting_notes","response"
"01","Reddit","r/gpumining","What is Pearl and why is it so profitable?","https://www.reddit.com/r/gpumining/comments/1tr5z34/what_is_pearl_and_why_it_is_so_profitable/","self-custody + selling","Strong","Top thread on PRL. Reply to the self-custody sub-discussion. Keep it to one comment; answer follow-ups genuinely.","Great breakdown -- the part most people sleep on is getting coins into your own custody fast instead of leaving them on a pool. Worth adding: until now that meant firing up the desktop wallet, which is awkward when you're away from the rig. (Full disclosure: I mine PRL and got tired of that, so I built a native Android wallet for the Pearl chain -- first one I'm aware of.) It does the basics (watch balances, sign sends, import an existing seed) plus a few things aimed at miners: keep an eye on payouts from your phone, and see the live OTC PRL/USDC rate without bouncing to a browser. Seed import is camera-based -- you point it at the phrase, it OCRs it and wipes the image immediately, so there's never a photo of your seed sitting in your gallery. Heads-up on where to get it: it isn't on Google Play and won't be. Google only lets *organizations* publish crypto wallets, and as a sole-prop REALTOR-Broker who has to file every business activity with RECO (reco.on.ca), I have no intention of incorporating just to tick that box. So it ships as a directly-installed, signed APK -- info and download are at https://pearl-wallet-showcase.netlify.app, including the SHA256 so you can verify the file before installing."
"02","Reddit","r/gpumining","Is PRL (Pearl) really the answer?","https://www.reddit.com/r/gpumining/comments/1u6mass/is_prl_pearl_really_the_answer/","miner skepticism / custody","Strong","Thread is skeptical ('dead project by end of month'). Don't get defensive; validate the caution and position the wallet as a custody tool that's useful regardless of price.","Honest take: nobody knows the longevity, so the sensible play is mining it but sweeping coins into your own custody quickly rather than letting them sit on a pool/exchange. That part's been annoying on mobile though -- the official wallet is desktop-only. (Full disclosure: I mine PRL and wanted to check balances and move coins from my phone, so I built a native Android wallet for the Pearl chain.) It's not going to make PRL moon, but it does remove the desktop dependency for day-to-day custody and sends, and it shows the live OTC rate so you can decide when to move. Heads-up on where to get it: it isn't on Google Play and won't be. Google only lets *organizations* publish crypto wallets, and as a sole-prop REALTOR-Broker who has to file every business activity with RECO (reco.on.ca), I have no intention of incorporating just to tick that box. So it ships as a directly-installed, signed APK -- info and download are at https://pearl-wallet-showcase.netlify.app, including the SHA256 so you can verify the file before installing."
"03","Reddit","r/cryptomining","Pearl Mining?!","https://www.reddit.com/r/cryptomining/comments/1tyn4xc/pearl_mining/","profitability thinning / custody","Strong","General mining sub. Focus on the custody + rate-visibility angle, not price predictions.","Margins thinning is the real signal to get serious about custody and exits rather than chasing the next spike. One gap that's been painful: there's no native mobile wallet for PRL, so checking payouts or moving coins means the desktop app. (Full disclosure: I mine PRL and built an Android wallet for the Pearl chain to fix exactly that.) Watch balances, sign sends, import an existing seed, and see the live OTC PRL/USDC rate in-app. Seed import is camera-based and the photo is wiped on the spot -- no seed phrase pictures in your gallery. Heads-up on where to get it: it isn't on Google Play and won't be. Google only lets *organizations* publish crypto wallets, and as a sole-prop REALTOR-Broker who has to file every business activity with RECO (reco.on.ca), I have no intention of incorporating just to tick that box. So it ships as a directly-installed, signed APK -- info and download are at https://pearl-wallet-showcase.netlify.app, including the SHA256 so you can verify the file before installing."
"04","Reddit","r/gpumining","Pearl miner (PRL) for Pascal GPUs -- mine Pearl with...","https://www.reddit.com/r/gpumining/comments/1u41c42/pearl_miner_prl_for_pascal_gpus_mine_pearl_with/","tool-builder / power-user","Good","Audience respects people who ship tools. Frame as a peer sharing a tool, not a vendor. Compliment the Pascal miner work.","Nice work getting Pascal cards earning on PRL -- the tooling layer for this chain is still thin, so anything that widens access helps everyone. Adding to the tool pile in case it's useful: I mine PRL and built a native Android wallet for the Pearl chain (full disclosure, I'm the dev). First native mobile wallet I've seen for PRL -- watch balances, sign sends, import an existing seed by camera (image wiped instantly, nothing lands in your gallery), plus a live OTC PRL/USDC rate. It's a signed APK, not on Play (Google requires an org to publish wallets and I'm a sole-prop REALTOR-Broker filing with RECO, so I'm not incorporating for it). Info + download + SHA256 at https://pearl-wallet-showcase.netlify.app."
"05","Reddit","r/EtherMining","Mine Pearl, Get Paid in Bitcoin! Kryptex Pool Setup Guide","https://www.reddit.com/r/EtherMining/comments/1txm5lb/mine_pearl_get_paid_in_bitcoin_kryptex_pool_setup/","pool payouts / holding PRL vs auto-exchange","Good","Frame: auto-exchange to BTC is convenient, but if you'd rather hold the actual PRL you mined, you need a wallet to receive it.","Useful guide. One thing worth flagging for people who'd rather hold the PRL they mine instead of auto-exchanging to BTC: you'll want a wallet to receive direct PRL payouts. Until recently that meant the desktop wallet. (Full disclosure: I mine PRL and built a native Android wallet for the Pearl chain.) Receive direct PRL, watch balances, sign sends, and see the live OTC rate from your phone. Seed import is camera-based and the image is wiped immediately. Heads-up on where to get it: it isn't on Google Play and won't be. Google only lets *organizations* publish crypto wallets, and as a sole-prop REALTOR-Broker who has to file every business activity with RECO (reco.on.ca), I have no intention of incorporating just to tick that box. So it ships as a directly-installed, signed APK -- info and download are at https://pearl-wallet-showcase.netlify.app, including the SHA256 so you can verify the file before installing."
"06","Reddit","r/kryptex","Pearl (PRL) mining with auto-exchange is now live!","https://www.reddit.com/r/kryptex/comments/1tx13i6/pearl_prl_mining_with_autoexchange_is_now_live/","pool / hold-vs-swap","Good","Kryptex-native audience. Keep the hold-PRL option visible.","Good to see auto-exchange live. For anyone who'd rather keep the PRL itself, you can mine to your ID and then sweep to a wallet. (Full disclosure: I built a native Android wallet for the Pearl chain because the desktop-only status was the friction.) Receives PRL, signs sends, shows the live OTC PRL/USDC rate, and imports your existing seed by camera -- photo wiped on the spot, nothing stored in your gallery. Heads-up on where to get it: it isn't on Google Play and won't be. Google only lets *organizations* publish crypto wallets, and as a sole-prop REALTOR-Broker who has to file every business activity with RECO (reco.on.ca), I have no intention of incorporating just to tick that box. So it ships as a directly-installed, signed APK -- info and download are at https://pearl-wallet-showcase.netlify.app, including the SHA256 so you can verify the file before installing."
"07","Reddit","r/vastai","vast.ai and $PRL","https://www.reddit.com/r/vastai/comments/1trsvxg/vastai_and_prl/","compute-earners / custody","Moderate","Thread is cautious and disclaimer-heavy. Post only if holding PRL earned via compute is genuinely on-topic. Lower priority.","For folks earning PRL through compute and wanting to self-custody what they earn: the gap has been no native mobile wallet. (Full disclosure: I built an Android wallet for the Pearl chain.) Watch balances, sign sends, see the live OTC rate, import a seed by camera with the image wiped instantly. Not on Play -- Google requires an org to publish wallets and I'm a sole-prop REALTOR-Broker filing with RECO, so it's a signed APK. Info + download + SHA256 at https://pearl-wallet-showcase.netlify.app."
"08","BitcoinTalk","BitcoinTalk [ANN]","[ANN] (PRL) Pearl network - Proof-of-Useful-Work L1 protocol","https://bitcointalk.org/index.php?topic=5584502.0","ecosystem tool / dev-to-dev","Strong","ANN threads are the canonical home for ecosystem tools. Longer, more technical tone is fine here. Disclose dev status up front (Bitcointalk bans undisclosed alt-account promotion).","Adding an ecosystem tool in case it's useful to the community -- full disclosure, I'm the developer.

PRL Wallet for Android v1.99.1331: the first native Android wallet for the Pearl chain. The official wallet has been desktop-only, which leaves mobile miners/traders relying on exchanges or firing up a PC to move coins.

What it does:
- Native PRL: watch balances, sign and broadcast sends, import an existing Pearl seed.
- Camera-based seed import with on-the-spot image wipe -- your recovery phrase is never stored as a photo, never screenshotted, never written to the gallery.
- Address book with labels, so you're not pasting the wrong address on a tiny screen.
- Live OTC PRL/USDC rate pulled from lordofpearls.xyz, in-app.
- Built on the Oyster wallet engine (ISC) via gomobile.

Distribution: direct signed APK only. It is not on Google Play and won't be -- Google only permits organizations to publish crypto wallets, and as a sole-proprietor REALTOR-Broker required to file every business activity with RECO (reco.on.ca), I have no intention of incorporating just to satisfy that. The APK is release-signed; please verify the SHA256 (e98636e984fcfff2bb71cffdd47512d6524f4047ad924fb9f58327a48ed452b3) before installing.

Info, screenshots, and download: https://pearl-wallet-showcase.netlify.app"
"09","BitcoinTalk","BitcoinTalk (mining)","Pearl (PEARL) mining thread","https://bitcointalk.org/index.php?topic=5583531.0","miner custody","Good","Miner-focused thread. Keep it shorter than the ANN post.","For miners wanting to self-custody PRL from a phone: I built a native Android wallet for the Pearl chain (full disclosure, I'm the dev -- first native mobile wallet I've seen for PRL). Watch rig payouts, sign sends, import an existing seed by camera (image wiped instantly), and see the live OTC PRL/USDC rate. Direct signed APK, not on Play (Google requires an org to publish wallets; I'm a sole-prop REALTOR-Broker filing with RECO and won't incorporate for it). Verify the SHA256 before installing. Info + download: https://pearl-wallet-showcase.netlify.app."
"10","Hub","SafeTrade (exchange) community / Discord","PRL/USDT is the primary listed pair","https://safetrade.com/exchange/PRL-USDT","traders / withdrawal custody","Good","No single thread URL. Action: join SafeTrade's Discord/community and help in the PRL withdrawal/custody questions. Use the short reusable block. Disclose dev status in your profile/intro.","When you withdraw PRL off SafeTrade to self-custody, you currently need the desktop wallet. (Full disclosure: I built a native Android wallet for the Pearl chain.) It receives PRL, signs sends, shows the live OTC rate, and imports a seed by camera with the image wiped instantly. Direct signed APK (not on Play -- Google requires an org to publish wallets; I'm a sole-prop REALTOR-Broker filing with RECO). Info + download + SHA256: https://pearl-wallet-showcase.netlify.app."
"11","Hub","GitHub Discussions (pearl-research-labs/pearl)","Open a 'Show and tell' discussion for the Android wallet","https://github.com/pearl-research-labs/pearl","devs / power users","Good","This is a *post you author*, not a reply. Use the Discussions 'Show and tell' category. Disclose dev status (it's your repo's sibling). Technical tone. Link the ISC Oyster-engine lineage.","Show and tell: PRL Wallet for Android v1.99.1331 -- the first native Android wallet for the Pearl chain.

Motivation: the official wallet is desktop-only, so mobile miners/traders had no native self-custody option.

Highlights: native PRL send/receive + seed import; camera-based seed OCR with immediate image wipe (no seed ever stored as a photo); labeled address book; live OTC PRL/USDC rate from lordofpearls.xyz; built on the Oyster wallet engine (ISC) via gomobile.

Not on Google Play (Google requires an org to publish wallets; I'm a sole-prop REALTOR-Broker filing with RECO and won't incorporate for it) -- direct signed APK. Verify SHA256 (e98636e984fcfff2bb71cffdd47512d6524f4047ad924fb9f58327a48ed452b3). Info + download: https://pearl-wallet-showcase.netlify.app"
"12","Hub","X / Twitter (@prlnet and OTC posters)","Reply to wallet/mining/OTC posts from @prlnet and OTC rate posters","https://x.com/prlnet","OTC visibility / awareness","Moderate","Reply (don't cold-DM) to posts about PRL wallets/mining/OTC. Disclose 'I built this'. Keep to ~280 chars + a reply thread. Low-pressure.","If you're moving PRL around and the desktop-only wallet is the friction: I built a native Android wallet for the Pearl chain (full disclosure, dev). Live OTC rate in-app, camera seed import that wipes the photo, signed APK (not on Play -- Google needs an org; I'm a sole-prop REALTOR-Broker filing with RECO). https://pearl-wallet-showcase.netlify.app"
